,URL,HomeTeam,AwayTeam,Quarter,SecLeft,HomePlay,AwayPlay,HomeScore,AwayScore,Shooter,ShotType,ShotOutcome,Blocker,FoulType,Fouler,Fouled,Rebounder,ReboundType,FreeThrowShooter,FreeThrowOutcome,FreeThrowNum,EnterGame,LeaveGame,TurnoverPlayer,TurnoverType
0,10220TOR,TOR,NOP,1,720,,Jump ball: D. Favors vs. M. Gasol (L. Ball gains possession),0,0,,,,,,,,,,,,,,,,
1,10220TOR,TOR,NOP,1,708,,L. Ball misses 2-pt jump shot from 11 ft,0,0,L. Ball ,2.0,0,,,,,,,,,,,,,
2,10220TOR,TOR,NOP,1,707,,Offensive rebound by D. Favors,0,0,,,,,,,,D. Favors ,offensive,,,,,,,
3,10220TOR,TOR,NOP,1,707,,D. Favors makes 2-pt layup at rim,0,2,D. Favors ,2.0,1,,,,,,,,,,,,,
4,10220TOR,TOR,NOP,1,689,O. Anunoby misses 2-pt layup from 3 ft,,0,2,O. Anunoby ,2.0,0,,,,,,,,,,,,,
5,10220TOR,TOR,NOP,1,685,,Defensive rebound by J. Redick,0,2,,,,,,,,J. Redick ,defensive,,,,,,,
6,10220TOR,TOR,NOP,1,676,,J. Holiday misses 2-pt layup from 8 ft,0,2,J. Holiday ,2.0,0,,,,,,,,,,,,,
7,10220TOR,TOR,NOP,1,675,Defensive rebound by F. VanVleet,,0,2,,,,,,,,F. VanVleet ,defensive,,,,,,,
8,10220TOR,TOR,NOP,1,671,K. Lowry misses 3-pt jump shot from 25 ft,,0,2,K. Lowry ,3.0,0,,,,,,,,,,,,,
9,10220TOR,TOR,NOP,1,668,,Defensive rebound by D. Favors,0,2,,,,,,,,D. Favors ,defensive,,,,,,,
10,10220TOR,TOR,NOP,1,660,,D. Favors misses 2-pt jump shot from 12 ft,0,2,D. Favors ,2.0,0,,,,,,,,,,,,,
11,10220TOR,TOR,NOP,1,656,Defensive rebound by K. Lowry,,0,2,,,,,,,,K. Lowry ,defensive,,,,,,,
12,10220TOR,TOR,NOP,1,654,Shooting foul by J. Redick (drawn by K. Lowry),,0,2,,,,,shooting,J. Redick ,K. Lowry ,,,,,,,,,
13,10220TOR,TOR,NOP,1,654,K. Lowry makes free throw 1 of 2,,1,2,,,,,,,,,,K. Lowry ,1,1 of 2,,,,
14,10220TOR,TOR,NOP,1,654,K. Lowry misses free throw 2 of 2,,1,2,,,,,,,,,,K. Lowry ,0,2 of 2,,,,
15,10220TOR,TOR,NOP,1,651,,Defensive rebound by D. Favors,1,2,,,,,,,,D. Favors ,defensive,,,,,,,
16,10220TOR,TOR,NOP,1,637,,B. Ingram makes 2-pt jump shot from 16 ft,1,4,B. Ingram ,2.0,1,,,,,,,,,,,,,
18,10220TOR,TOR,NOP,1,617,O. Anunoby makes 3-pt jump shot from 25 ft (assist by F. VanVleet),,4,4,O. Anunoby ,3.0,1,,,,,,,,,,,,,
19,10220TOR,TOR,NOP,1,611,,L. Ball makes 3-pt jump shot from 25 ft (assist by B. Ingram),4,7,L. Ball ,3.0,1,,,,,,,,,,,,,
20,10220TOR,TOR,NOP,1,604,Turnover by K. Lowry (offensive foul),,4,7,,,,,,,,,,,,,,,K. Lowry ,common_tov
21,10220TOR,TOR,NOP,1,604,Offensive foul by K. Lowry (drawn by B. Ingram),,4,7,,,,,offensive,K. Lowry ,B. Ingram ,,,,,,,,,
22,10220TOR,TOR,NOP,1,595,,J. Holiday misses 3-pt jump shot from 26 ft,4,7,J. Holiday ,3.0,0,,,,,,,,,,,,,
23,10220TOR,TOR,NOP,1,591,Defensive rebound by K. Lowry,,4,7,,,,,,,,K. Lowry ,defensive,,,,,,,
24,10220TOR,TOR,NOP,1,589,Turnover by P. Siakam (bad pass),,4,7,,,,,,,,,,,,,,,P. Siakam ,common_tov
25,10220TOR,TOR,NOP,1,579,,B. Ingram makes 3-pt jump shot from 22 ft (assist by J. Holiday),4,10,B. Ingram ,3.0,1,,,,,,,,,,,,,
26,10220TOR,TOR,NOP,1,566,O. Anunoby misses 3-pt jump shot from 23 ft,,4,10,O. Anunoby ,3.0,0,,,,,,,,,,,,,
27,10220TOR,TOR,NOP,1,564,,Defensive rebound by B. Ingram,4,10,,,,,,,,B. Ingram ,defensive,,,,,,,
28,10220TOR,TOR,NOP,1,556,,B. Ingram misses 2-pt jump shot from 14 ft,4,10,B. Ingram ,2.0,0,,,,,,,,,,,,,
29,10220TOR,TOR,NOP,1,554,Defensive rebound by K. Lowry,,4,10,,,,,,,,K. Lowry ,defensive,,,,,,,
30,10220TOR,TOR,NOP,1,547,Turnover by K. Lowry (bad pass; steal by B. Ingram),,4,10,,,,,,,,,,,,,,,K. Lowry ,steal
31,10220TOR,TOR,NOP,1,542,,J. Redick makes 3-pt jump shot from 26 ft (assist by L. Ball),4,13,J. Redick ,3.0,1,,,,,,,,,,,,,
33,10220TOR,TOR,NOP,1,528,Turnover by F. VanVleet (bad pass),,4,13,,,,,,,,,,,,,,,F. VanVleet ,common_tov
34,10220TOR,TOR,NOP,1,514,,J. Redick makes 2-pt jump shot from 19 ft (assist by J. Holiday),4,15,J. Redick ,2.0,1,,,,,,,,,,,,,
35,10220TOR,TOR,NOP,1,503,P. Siakam makes 2-pt layup from 2 ft,,6,15,P. Siakam ,2.0,1,,,,,,,,,,,,,
36,10220TOR,TOR,NOP,1,498,,Turnover by J. Redick (traveling),6,15,,,,,,,,,,,,,,,J. Redick ,common_tov
37,10220TOR,TOR,NOP,1,490,P. Siakam misses 3-pt jump shot from 25 ft,,6,15,P. Siakam ,3.0,0,,,,,,,,,,,,,
38,10220TOR,TOR,NOP,1,487,,Defensive rebound by L. Ball,6,15,,,,,,,,L. Ball ,defensive,,,,,,,
39,10220TOR,TOR,NOP,1,477,,D. Favors makes 2-pt layup from 2 ft (assist by L. Ball),6,17,D. Favors ,2.0,1,,,,,,,,,,,,,
40,10220TOR,TOR,NOP,1,452,F. VanVleet makes 3-pt jump shot from 24 ft (assist by P. Siakam),,9,17,F. VanVleet ,3.0,1,,,,,,,,,,,,,
41,10220TOR,TOR,NOP,1,437,,L. Ball misses 3-pt jump shot from 25 ft,9,17,L. Ball ,3.0,0,,,,,,,,,,,,,
42,10220TOR,TOR,NOP,1,433,Defensive rebound by P. Siakam,,9,17,,,,,,,,P. Siakam ,defensive,,,,,,,
43,10220TOR,TOR,NOP,1,419,K. Lowry makes 3-pt jump shot from 23 ft (assist by F. VanVleet),,12,17,K. Lowry ,3.0,1,,,,,,,,,,,,,
44,10220TOR,TOR,NOP,1,405,,B. Ingram misses 3-pt jump shot from 25 ft,12,17,B. Ingram ,3.0,0,,,,,,,,,,,,,
45,10220TOR,TOR,NOP,1,402,Defensive rebound by P. Siakam,,12,17,,,,,,,,P. Siakam ,defensive,,,,,,,
46,10220TOR,TOR,NOP,1,396,Personal foul by L. Ball (drawn by P. Siakam),,12,17,,,,,personal,L. Ball ,P. Siakam ,,,,,,,,,
47,10220TOR,TOR,NOP,1,396,S. Ibaka enters the game for M. Gasol,,12,17,,,,,,,,,,,,,S. Ibaka - TOR,M. Gasol - TOR,,
48,10220TOR,TOR,NOP,1,390,P. Siakam misses 2-pt layup from 4 ft,,12,17,P. Siakam ,2.0,0,,,,,,,,,,,,,
49,10220TOR,TOR,NOP,1,388,,Defensive rebound by D. Favors,12,17,,,,,,,,D. Favors ,defensive,,,,,,,
50,10220TOR,TOR,NOP,1,382,,D. Favors makes 2-pt layup from 3 ft (assist by J. Holiday),12,19,D. Favors ,2.0,1,,,,,,,,,,,,,
51,10220TOR,TOR,NOP,1,364,O. Anunoby makes 2-pt layup from 1 ft (assist by K. Lowry),,14,19,O. Anunoby ,2.0,1,,,,,,,,,,,,,
52,10220TOR,TOR,NOP,1,354,,Turnover by J. Redick (traveling),14,19,,,,,,,,,,,,,,,J. Redick ,common_tov
53,10220TOR,TOR,NOP,1,346,P. Siakam misses 2-pt layup from 2 ft (block by D. Favors),,14,19,P. Siakam ,2.0,0,D. Favors ,,,,,,,,,,,,
54,10220TOR,TOR,NOP,1,345,Offensive rebound by P. Siakam,,14,19,,,,,,,,P. Siakam ,offensive,,,,,,,
55,10220TOR,TOR,NOP,1,345,P. Siakam makes 2-pt layup from 1 ft,,16,19,P. Siakam ,2.0,1,,,,,,,,,,,,,
56,10220TOR,TOR,NOP,1,333,,D. Favors misses 2-pt jump shot from 15 ft,16,19,D. Favors ,2.0,0,,,,,,,,,,,,,
57,10220TOR,TOR,NOP,1,330,Defensive rebound by F. VanVleet,,16,19,,,,,,,,F. VanVleet ,defensive,,,,,,,
58,10220TOR,TOR,NOP,1,323,S. Ibaka misses 3-pt jump shot from 24 ft,,16,19,S. Ibaka ,3.0,0,,,,,,,,,,,,,
59,10220TOR,TOR,NOP,1,320,Offensive rebound by Team,,16,19,,,,,,,,Team ,offensive,,,,,,,
60,10220TOR,TOR,NOP,1,320,,Loose ball foul by D. Favors (drawn by P. Siakam),16,19,,,,,loose ball,D. Favors ,P. Siakam ,,,,,,,,,
61,10220TOR,TOR,NOP,1,320,N. Powell enters the game for K. Lowry,,16,19,,,,,,,,,,,,,N. Powell - TOR,K. Lowry - TOR,,
62,10220TOR,TOR,NOP,1,309,F. VanVleet makes 2-pt layup from 1 ft,,18,19,F. VanVleet ,2.0,1,,,,,,,,,,,,,
63,10220TOR,TOR,NOP,1,294,,J. Holiday misses 3-pt jump shot from 24 ft,18,19,J. Holiday ,3.0,0,,,,,,,,,,,,,
64,10220TOR,TOR,NOP,1,292,Defensive rebound by P. Siakam,,18,19,,,,,,,,P. Siakam ,defensive,,,,,,,
65,10220TOR,TOR,NOP,1,286,Personal foul by J. Holiday (drawn by F. VanVleet),,18,19,,,,,personal,J. Holiday ,F. VanVleet ,,,,,,,,,
66,10220TOR,TOR,NOP,1,286,,J. Hart enters the game for L. Ball,18,19,,,,,,,,,,,,,J. Hart - NOP,L. Ball - NOP,,
67,10220TOR,TOR,NOP,1,286,,E. Moore enters the game for D. Favors,18,19,,,,,,,,,,,,,E. Moore - NOP,D. Favors - NOP,,
68,10220TOR,TOR,NOP,1,286,,J. Okafor enters the game for J. Redick,18,19,,,,,,,,,,,,,J. Okafor - NOP,J. Redick - NOP,,
69,10220TOR,TOR,NOP,1,273,Shooting foul by B. Ingram (drawn by P. Siakam),,18,19,,,,,shooting,B. Ingram ,P. Siakam ,,,,,,,,,
70,10220TOR,TOR,NOP,1,273,P. Siakam makes free throw 1 of 2,,19,19,,,,,,,,,,P. Siakam ,1,1 of 2,,,,
71,10220TOR,TOR,NOP,1,273,P. Siakam makes free throw 2 of 2,,20,19,,,,,,,,,,P. Siakam ,1,2 of 2,,,,
72,10220TOR,TOR,NOP,1,273,,N. Alexander-Walker enters the game for J. Holiday,20,19,,,,,,,,,,,,,N. Alexander-Walker - NOP,J. Holiday - NOP,,
73,10220TOR,TOR,NOP,1,273,,K. Williams enters the game for B. Ingram,20,19,,,,,,,,,,,,,K. Williams - NOP,B. Ingram - NOP,,
75,10220TOR,TOR,NOP,1,250,,N. Alexander-Walker misses 3-pt jump shot from 26 ft,20,19,N. Alexander-Walker ,3.0,0,,,,,,,,,,,,,
76,10220TOR,TOR,NOP,1,248,Defensive rebound by N. Powell,,20,19,,,,,,,,N. Powell ,defensive,,,,,,,
77,10220TOR,TOR,NOP,1,247,Offensive foul by S. Ibaka (drawn by N. Alexander-Walker),,20,19,,,,,offensive,S. Ibaka ,N. Alexander-Walker ,,,,,,,,,
78,10220TOR,TOR,NOP,1,247,Turnover by S. Ibaka (offensive foul),,20,19,,,,,,,,,,,,,,,S. Ibaka ,common_tov
79,10220TOR,TOR,NOP,1,234,,N. Alexander-Walker misses 2-pt jump shot from 8 ft,20,19,N. Alexander-Walker ,2.0,0,,,,,,,,,,,,,
80,10220TOR,TOR,NOP,1,230,,Offensive rebound by J. Hart,20,19,,,,,,,,J. Hart ,offensive,,,,,,,
81,10220TOR,TOR,NOP,1,229,,K. Williams misses 3-pt jump shot from 25 ft,20,19,K. Williams ,3.0,0,,,,,,,,,,,,,
82,10220TOR,TOR,NOP,1,229,Defensive rebound by P. Siakam,,20,19,,,,,,,,P. Siakam ,defensive,,,,,,,
83,10220TOR,TOR,NOP,1,224,Shooting foul by J. Hart (drawn by P. Siakam),,20,19,,,,,shooting,J. Hart ,P. Siakam ,,,,,,,,,
84,10220TOR,TOR,NOP,1,224,P. Siakam makes free throw 1 of 2,,21,19,,,,,,,,,,P. Siakam ,1,1 of 2,,,,
85,10220TOR,TOR,NOP,1,224,M. Gasol enters the game for O. Anunoby,,21,19,,,,,,,,,,,,,M. Gasol - TOR,O. Anunoby - TOR,,
86,10220TOR,TOR,NOP,1,224,P. Siakam makes free throw 2 of 2,,22,19,,,,,,,,,,P. Siakam ,1,2 of 2,,,,
87,10220TOR,TOR,NOP,1,212,,E. Moore misses 2-pt jump shot from 19 ft,22,19,E. Moore ,2.0,0,,,,,,,,,,,,,
88,10220TOR,TOR,NOP,1,212,,Offensive rebound by E. Moore,22,19,,,,,,,,E. Moore ,offensive,,,,,,,
89,10220TOR,TOR,NOP,1,209,,E. Moore misses 2-pt jump shot from 8 ft,22,19,E. Moore ,2.0,0,,,,,,,,,,,,,
90,10220TOR,TOR,NOP,1,208,Defensive rebound by S. Ibaka,,22,19,,,,,,,,S. Ibaka ,defensive,,,,,,,
91,10220TOR,TOR,NOP,1,202,F. VanVleet makes 2-pt layup from 1 ft,,24,19,F. VanVleet ,2.0,1,,,,,,,,,,,,,
92,10220TOR,TOR,NOP,1,202,Shooting foul by N. Alexander-Walker (drawn by F. VanVleet),,24,19,,,,,shooting,N. Alexander-Walker ,F. VanVleet ,,,,,,,,,
93,10220TOR,TOR,NOP,1,202,F. VanVleet makes free throw 1 of 1,,25,19,,,,,,,,,,F. VanVleet ,1,1 of 1,,,,
94,10220TOR,TOR,NOP,1,182,,N. Alexander-Walker makes 3-pt jump shot from 26 ft (assist by J. Hart),25,22,N. Alexander-Walker ,3.0,1,,,,,,,,,,,,,
95,10220TOR,TOR,NOP,1,164,Offensive foul by N. Powell (drawn by J. Hart),,25,22,,,,,offensive,N. Powell ,J. Hart ,,,,,,,,,
96,10220TOR,TOR,NOP,1,164,Turnover by N. Powell (offensive foul),,25,22,,,,,,,,,,,,,,,N. Powell ,common_tov
98,10220TOR,TOR,NOP,1,164,K. Lowry enters the game for F. VanVleet,,25,22,,,,,,,,,,,,,K. Lowry - TOR,F. VanVleet - TOR,,
99,10220TOR,TOR,NOP,1,156,,E. Moore makes 2-pt jump shot from 7 ft (assist by N. Alexander-Walker),25,24,E. Moore ,2.0,1,,,,,,,,,,,,,
100,10220TOR,TOR,NOP,1,142,P. Siakam misses 2-pt layup from 1 ft (block by J. Hart),,25,24,P. Siakam ,2.0,0,J. Hart ,,,,,,,,,,,,
101,10220TOR,TOR,NOP,1,139,,Defensive rebound by N. Alexander-Walker,25,24,,,,,,,,N. Alexander-Walker ,defensive,,,,,,,
102,10220TOR,TOR,NOP,1,135,,J. Okafor makes 2-pt layup from 2 ft (assist by E. Moore),25,26,J. Okafor ,2.0,1,,,,,,,,,,,,,
103,10220TOR,TOR,NOP,1,123,K. Lowry misses 2-pt layup from 1 ft,,25,26,K. Lowry ,2.0,0,,,,,,,,,,,,,
104,10220TOR,TOR,NOP,1,123,,Defensive rebound by E. Moore,25,26,,,,,,,,E. Moore ,defensive,,,,,,,
105,10220TOR,TOR,NOP,1,114,,N. Alexander-Walker misses 3-pt jump shot from 23 ft,25,26,N. Alexander-Walker ,3.0,0,,,,,,,,,,,,,
106,10220TOR,TOR,NOP,1,111,,Offensive rebound by N. Alexander-Walker,25,26,,,,,,,,N. Alexander-Walker ,offensive,,,,,,,
107,10220TOR,TOR,NOP,1,109,,N. Alexander-Walker misses 3-pt jump shot from 26 ft,25,26,N. Alexander-Walker ,3.0,0,,,,,,,,,,,,,
108,10220TOR,TOR,NOP,1,109,,Offensive rebound by K. Williams,25,26,,,,,,,,K. Williams ,offensive,,,,,,,
109,10220TOR,TOR,NOP,1,105,,K. Williams misses 2-pt layup from 3 ft,25,26,K. Williams ,2.0,0,,,,,,,,,,,,,
110,10220TOR,TOR,NOP,1,105,,Offensive rebound by K. Williams,25,26,,,,,,,,K. Williams ,offensive,,,,,,,
111,10220TOR,TOR,NOP,1,103,,K. Williams misses 2-pt layup at rim,25,26,K. Williams ,2.0,0,,,,,,,,,,,,,
112,10220TOR,TOR,NOP,1,103,,Offensive rebound by J. Okafor,25,26,,,,,,,,J. Okafor ,offensive,,,,,,,
113,10220TOR,TOR,NOP,1,103,,Turnover by J. Okafor (out of bounds lost ball),25,26,,,,,,,,,,,,,,,J. Okafor ,common_tov
114,10220TOR,TOR,NOP,1,86,Personal foul by J. Okafor (drawn by K. Lowry),,25,26,,,,,personal,J. Okafor ,K. Lowry ,,,,,,,,,
115,10220TOR,TOR,NOP,1,86,K. Lowry makes free throw 1 of 2,,26,26,,,,,,,,,,K. Lowry ,1,1 of 2,,,,
116,10220TOR,TOR,NOP,1,86,O. Anunoby enters the game for P. Siakam,,26,26,,,,,,,,,,,,,O. Anunoby - TOR,P. Siakam - TOR,,
117,10220TOR,TOR,NOP,1,86,K. Lowry makes free throw 2 of 2,,27,26,,,,,,,,,,K. Lowry ,1,2 of 2,,,,
118,10220TOR,TOR,NOP,1,73,,Personal foul by M. Gasol (drawn by J. Okafor),27,26,,,,,personal,M. Gasol ,J. Okafor ,,,,,,,,,
119,10220TOR,TOR,NOP,1,59,,N. Alexander-Walker misses 3-pt jump shot from 24 ft,27,26,N. Alexander-Walker ,3.0,0,,,,,,,,,,,,,
120,10220TOR,TOR,NOP,1,56,,Offensive rebound by J. Hart,27,26,,,,,,,,J. Hart ,offensive,,,,,,,
121,10220TOR,TOR,NOP,1,56,,Personal foul by O. Anunoby (drawn by J. Hart),27,26,,,,,personal,O. Anunoby ,J. Hart ,,,,,,,,,
122,10220TOR,TOR,NOP,1,56,,J. Hart makes free throw 1 of 2,27,27,,,,,,,,,,J. Hart ,1,1 of 2,,,,
123,10220TOR,TOR,NOP,1,56,,J. Hart makes free throw 2 of 2,27,28,,,,,,,,,,J. Hart ,1,2 of 2,,,,
124,10220TOR,TOR,NOP,1,44,N. Powell misses 2-pt layup from 2 ft,,27,28,N. Powell ,2.0,0,,,,,,,,,,,,,
125,10220TOR,TOR,NOP,1,42,Offensive rebound by N. Powell,,27,28,,,,,,,,N. Powell ,offensive,,,,,,,
126,10220TOR,TOR,NOP,1,40,Turnover by N. Powell (bad pass; steal by N. Alexander-Walker),,27,28,,,,,,,,,,,,,,,N. Powell ,steal
127,10220TOR,TOR,NOP,1,32,,E. Moore misses 2-pt layup from 10 ft,27,28,E. Moore ,2.0,0,,,,,,,,,,,,,
128,10220TOR,TOR,NOP,1,32,Defensive rebound by M. Gasol,,27,28,,,,,,,,M. Gasol ,defensive,,,,,,,
129,10220TOR,TOR,NOP,1,26,N. Powell misses 3-pt jump shot from 25 ft,,27,28,N. Powell ,3.0,0,,,,,,,,,,,,,
130,10220TOR,TOR,NOP,1,23,Offensive rebound by O. Anunoby,,27,28,,,,,,,,O. Anunoby ,offensive,,,,,,,
131,10220TOR,TOR,NOP,1,20,M. Gasol misses 3-pt jump shot from 25 ft,,27,28,M. Gasol ,3.0,0,,,,,,,,,,,,,
132,10220TOR,TOR,NOP,1,17,,Defensive rebound by K. Williams,27,28,,,,,,,,K. Williams ,defensive,,,,,,,
133,10220TOR,TOR,NOP,1,2,,J. Okafor makes 2-pt layup from 3 ft (assist by N. Alexander-Walker),27,30,J. Okafor ,2.0,1,,,,,,,,,,,,,
134,10220TOR,TOR,NOP,1,0,,End of 1st quarter,27,30,,,,,,,,,,,,,,,,
135,10220TOR,TOR,NOP,2,698,O. Anunoby misses 2-pt layup from 1 ft,,27,30,O. Anunoby ,2.0,0,,,,,,,,,,,,,
136,10220TOR,TOR,NOP,2,695,Offensive rebound by M. Gasol,,27,30,,,,,,,,M. Gasol ,offensive,,,,,,,
137,10220TOR,TOR,NOP,2,695,M. Gasol misses 2-pt layup from 1 ft,,27,30,M. Gasol ,2.0,0,,,,,,,,,,,,,
138,10220TOR,TOR,NOP,2,694,Offensive rebound by K. Lowry,,27,30,,,,,,,,K. Lowry ,offensive,,,,,,,
139,10220TOR,TOR,NOP,2,693,N. Powell misses 3-pt jump shot from 26 ft,,27,30,N. Powell ,3.0,0,,,,,,,,,,,,,
140,10220TOR,TOR,NOP,2,689,,Defensive rebound by K. Williams,27,30,,,,,,,,K. Williams ,defensive,,,,,,,
141,10220TOR,TOR,NOP,2,683,,N. Alexander-Walker misses 3-pt jump shot from 25 ft,27,30,N. Alexander-Walker ,3.0,0,,,,,,,,,,,,,
142,10220TOR,TOR,NOP,2,682,Defensive rebound by K. Lowry,,27,30,,,,,,,,K. Lowry ,defensive,,,,,,,
143,10220TOR,TOR,NOP,2,681,Turnover by K. Lowry (bad pass; steal by N. Alexander-Walker),,27,30,,,,,,,,,,,,,,,K. Lowry ,steal
144,10220TOR,TOR,NOP,2,666,,N. Alexander-Walker misses 2-pt jump shot from 4 ft,27,30,N. Alexander-Walker ,2.0,0,,,,,,,,,,,,,
145,10220TOR,TOR,NOP,2,664,Defensive rebound by S. Ibaka,,27,30,,,,,,,,S. Ibaka ,defensive,,,,,,,
146,10220TOR,TOR,NOP,2,656,O. Anunoby makes 2-pt hook shot from 4 ft,,29,30,O. Anunoby ,2.0,1,,,,,,,,,,,,,
147,10220TOR,TOR,NOP,2,633,,Offensive foul by K. Williams (drawn by K. Lowry),29,30,,,,,offensive,K. Williams ,K. Lowry ,,,,,,,,,
148,10220TOR,TOR,NOP,2,633,,Turnover by K. Williams (offensive foul),29,30,,,,,,,,,,,,,,,K. Williams ,common_tov
149,10220TOR,TOR,NOP,2,633,,F. Jackson enters the game for E. Moore,29,30,,,,,,,,,,,,,F. Jackson - NOP,E. Moore - NOP,,
150,10220TOR,TOR,NOP,2,633,,N. Melli enters the game for J. Okafor,29,30,,,,,,,,,,,,,N. Melli - NOP,J. Okafor - NOP,,
151,10220TOR,TOR,NOP,2,633,F. VanVleet enters the game for S. Ibaka,,29,30,,,,,,,,,,,,,F. VanVleet - TOR,S. Ibaka - TOR,,
152,10220TOR,TOR,NOP,2,619,Personal foul by N. Melli (drawn by K. Lowry),,29,30,,,,,personal,N. Melli ,K. Lowry ,,,,,,,,,
153,10220TOR,TOR,NOP,2,608,Turnover by F. VanVleet (traveling),,29,30,,,,,,,,,,,,,,,F. VanVleet ,common_tov
154,10220TOR,TOR,NOP,2,590,,N. Melli makes 3-pt jump shot from 26 ft (assist by F. Jackson),29,33,N. Melli ,3.0,1,,,,,,,,,,,,,
155,10220TOR,TOR,NOP,2,575,M. Gasol misses 2-pt hook shot from 7 ft,,29,33,M. Gasol ,2.0,0,,,,,,,,,,,,,
156,10220TOR,TOR,NOP,2,572,,Defensive rebound by J. Hart,29,33,,,,,,,,J. Hart ,defensive,,,,,,,
157,10220TOR,TOR,NOP,2,562,,Personal foul by N. Powell (drawn by N. Alexander-Walker),29,33,,,,,personal,N. Powell ,N. Alexander-Walker ,,,,,,,,,
158,10220TOR,TOR,NOP,2,550,,J. Hart makes 3-pt jump shot from 22 ft,29,36,J. Hart ,3.0,1,,,,,,,,,,,,,
159,10220TOR,TOR,NOP,2,526,O. Anunoby misses 2-pt layup from 1 ft (block by K. Williams),,29,36,O. Anunoby ,2.0,0,K. Williams ,,,,,,,,,,,,
160,10220TOR,TOR,NOP,2,523,Offensive rebound by O. Anunoby,,29,36,,,,,,,,O. Anunoby ,offensive,,,,,,,
161,10220TOR,TOR,NOP,2,523,O. Anunoby misses 2-pt layup from 3 ft (block by K. Williams),,29,36,O. Anunoby ,2.0,0,K. Williams ,,,,,,,,,,,,
162,10220TOR,TOR,NOP,2,523,,Defensive rebound by N. Alexander-Walker,29,36,,,,,,,,N. Alexander-Walker ,defensive,,,,,,,
163,10220TOR,TOR,NOP,2,518,,F. Jackson misses 2-pt layup from 2 ft,29,36,F. Jackson ,2.0,0,,,,,,,,,,,,,
164,10220TOR,TOR,NOP,2,513,Defensive rebound by F. VanVleet,,29,36,,,,,,,,F. VanVleet ,defensive,,,,,,,
165,10220TOR,TOR,NOP,2,512,F. VanVleet makes 2-pt layup from 2 ft,,31,36,F. VanVleet ,2.0,1,,,,,,,,,,,,,
166,10220TOR,TOR,NOP,2,512,Shooting foul by K. Williams (drawn by F. VanVleet),,31,36,,,,,shooting,K. Williams ,F. VanVleet ,,,,,,,,,
167,10220TOR,TOR,NOP,2,512,,L. Ball enters the game for N. Alexander-Walker,31,36,,,,,,,,,,,,,L. Ball - NOP,N. Alexander-Walker - NOP,,
168,10220TOR,TOR,NOP,2,512,,J. Holiday enters the game for J. Hart,31,36,,,,,,,,,,,,,J. Holiday - NOP,J. Hart - NOP,,
169,10220TOR,TOR,NOP,2,512,P. Siakam enters the game for N. Powell,,31,36,,,,,,,,,,,,,P. Siakam - TOR,N. Powell - TOR,,
170,10220TOR,TOR,NOP,2,512,F. VanVleet makes free throw 1 of 1,,32,36,,,,,,,,,,F. VanVleet ,1,1 of 1,,,,
171,10220TOR,TOR,NOP,2,500,,N. Melli makes 3-pt jump shot from 25 ft (assist by J. Holiday),32,39,N. Melli ,3.0,1,,,,,,,,,,,,,
172,10220TOR,TOR,NOP,2,485,Turnover by P. Siakam (bad pass; steal by K. Williams),,32,39,,,,,,,,,,,,,,,P. Siakam ,steal
173,10220TOR,TOR,NOP,2,475,,F. Jackson makes 2-pt jump shot from 7 ft (assist by K. Williams),32,41,F. Jackson ,2.0,1,,,,,,,,,,,,,
174,10220TOR,TOR,NOP,2,469,Shooting foul by F. Jackson (drawn by F. VanVleet),,32,41,,,,,shooting,F. Jackson ,F. VanVleet ,,,,,,,,,
175,10220TOR,TOR,NOP,2,469,F. VanVleet makes free throw 1 of 2,,33,41,,,,,,,,,,F. VanVleet ,1,1 of 2,,,,
176,10220TOR,TOR,NOP,2,469,,B. Ingram enters the game for K. Williams,33,41,,,,,,,,,,,,,B. Ingram - NOP,K. Williams - NOP,,
177,10220TOR,TOR,NOP,2,469,F. VanVleet misses free throw 2 of 2,,33,41,,,,,,,,,,F. VanVleet ,0,2 of 2,,,,
178,10220TOR,TOR,NOP,2,467,,Defensive rebound by B. Ingram,33,41,,,,,,,,B. Ingram ,defensive,,,,,,,
179,10220TOR,TOR,NOP,2,456,,N. Melli makes 3-pt jump shot from 23 ft (assist by L. Ball),33,44,N. Melli ,3.0,1,,,,,,,,,,,,,
180,10220TOR,TOR,NOP,2,440,P. Siakam misses 2-pt layup from 2 ft,,33,44,P. Siakam ,2.0,0,,,,,,,,,,,,,
181,10220TOR,TOR,NOP,2,439,Offensive rebound by Team,,33,44,,,,,,,,Team ,offensive,,,,,,,
183,10220TOR,TOR,NOP,2,439,T. Davis enters the game for O. Anunoby,,33,44,,,,,,,,,,,,,T. Davis - TOR,O. Anunoby - TOR,,
184,10220TOR,TOR,NOP,2,439,S. Ibaka enters the game for M. Gasol,,33,44,,,,,,,,,,,,,S. Ibaka - TOR,M. Gasol - TOR,,
185,10220TOR,TOR,NOP,2,431,F. VanVleet makes 3-pt jump shot from 27 ft (assist by P. Siakam),,36,44,F. VanVleet ,3.0,1,,,,,,,,,,,,,
186,10220TOR,TOR,NOP,2,403,,Turnover by L. Ball (bad pass; steal by S. Ibaka),36,44,,,,,,,,,,,,,,,L. Ball ,steal
187,10220TOR,TOR,NOP,2,396,Offensive foul by S. Ibaka (drawn by J. Holiday),,36,44,,,,,offensive,S. Ibaka ,J. Holiday ,,,,,,,,,
188,10220TOR,TOR,NOP,2,396,Turnover by S. Ibaka (offensive foul),,36,44,,,,,,,,,,,,,,,S. Ibaka ,common_tov
189,10220TOR,TOR,NOP,2,396,,D. Favors enters the game for F. Jackson,36,44,,,,,,,,,,,,,D. Favors - NOP,F. Jackson - NOP,,
190,10220TOR,TOR,NOP,2,396,,J. Redick enters the game for N. Melli,36,44,,,,,,,,,,,,,J. Redick - NOP,N. Melli - NOP,,
191,10220TOR,TOR,NOP,2,381,,D. Favors misses 2-pt jump shot from 14 ft,36,44,D. Favors ,2.0,0,,,,,,,,,,,,,
192,10220TOR,TOR,NOP,2,376,,J. Holiday misses 2-pt layup at rim,36,44,J. Holiday ,2.0,0,,,,,,,,,,,,,
193,10220TOR,TOR,NOP,2,376,,Offensive rebound by J. Holiday,36,44,,,,,,,,J. Holiday ,offensive,,,,,,,
194,10220TOR,TOR,NOP,2,375,Defensive rebound by P. Siakam,,36,44,,,,,,,,P. Siakam ,defensive,,,,,,,
195,10220TOR,TOR,NOP,2,371,F. VanVleet misses 2-pt layup from 2 ft (block by B. Ingram),,36,44,F. VanVleet ,2.0,0,B. Ingram ,,,,,,,,,,,,
196,10220TOR,TOR,NOP,2,368,,Defensive rebound by L. Ball,36,44,,,,,,,,L. Ball ,defensive,,,,,,,
197,10220TOR,TOR,NOP,2,356,,Shooting foul by P. Siakam (drawn by B. Ingram),36,44,,,,,shooting,P. Siakam ,B. Ingram ,,,,,,,,,
198,10220TOR,TOR,NOP,2,356,,B. Ingram makes free throw 1 of 2,36,45,,,,,,,,,,B. Ingram ,1,1 of 2,,,,
199,10220TOR,TOR,NOP,2,356,,B. Ingram makes free throw 2 of 2,36,46,,,,,,,,,,B. Ingram ,1,2 of 2,,,,
200,10220TOR,TOR,NOP,2,347,P. Siakam makes 2-pt layup from 2 ft,,38,46,P. Siakam ,2.0,1,,,,,,,,,,,,,
201,10220TOR,TOR,NOP,2,342,,Personal foul by T. Davis (drawn by B. Ingram),38,46,,,,,personal,T. Davis ,B. Ingram ,,,,,,,,,
202,10220TOR,TOR,NOP,2,340,,J. Redick misses 2-pt jump shot from 19 ft,38,46,J. Redick ,2.0,0,,,,,,,,,,,,,
203,10220TOR,TOR,NOP,2,337,Defensive rebound by T. Davis,,38,46,,,,,,,,T. Davis ,defensive,,,,,,,
204,10220TOR,TOR,NOP,2,329,K. Lowry misses 3-pt jump shot from 25 ft,,38,46,K. Lowry ,3.0,0,,,,,,,,,,,,,
205,10220TOR,TOR,NOP,2,325,,Defensive rebound by L. Ball,38,46,,,,,,,,L. Ball ,defensive,,,,,,,
206,10220TOR,TOR,NOP,2,322,,L. Ball misses 2-pt layup from 1 ft (block by P. Siakam),38,46,L. Ball ,2.0,0,P. Siakam ,,,,,,,,,,,,
207,10220TOR,TOR,NOP,2,320,Defensive rebound by S. Ibaka,,38,46,,,,,,,,S. Ibaka ,defensive,,,,,,,
208,10220TOR,TOR,NOP,2,316,F. VanVleet misses 2-pt layup from 2 ft,,38,46,F. VanVleet ,2.0,0,,,,,,,,,,,,,
209,10220TOR,TOR,NOP,2,316,Offensive rebound by S. Ibaka,,38,46,,,,,,,,S. Ibaka ,offensive,,,,,,,
210,10220TOR,TOR,NOP,2,316,S. Ibaka makes 2-pt dunk from 1 ft,,40,46,S. Ibaka ,2.0,1,,,,,,,,,,,,,
211,10220TOR,TOR,NOP,2,298,,B. Ingram misses 2-pt jump shot from 10 ft,40,46,B. Ingram ,2.0,0,,,,,,,,,,,,,
212,10220TOR,TOR,NOP,2,295,Defensive rebound by P. Siakam,,40,46,,,,,,,,P. Siakam ,defensive,,,,,,,
213,10220TOR,TOR,NOP,2,288,Shooting foul by J. Redick (drawn by P. Siakam),,40,46,,,,,shooting,J. Redick ,P. Siakam ,,,,,,,,,
214,10220TOR,TOR,NOP,2,288,P. Siakam makes free throw 1 of 2,,41,46,,,,,,,,,,P. Siakam ,1,1 of 2,,,,
215,10220TOR,TOR,NOP,2,288,P. Siakam makes free throw 2 of 2,,42,46,,,,,,,,,,P. Siakam ,1,2 of 2,,,,
216,10220TOR,TOR,NOP,2,275,,J. Redick makes 3-pt jump shot from 26 ft (assist by L. Ball),42,49,J. Redick ,3.0,1,,,,,,,,,,,,,
217,10220TOR,TOR,NOP,2,264,Shooting foul by D. Favors (drawn by S. Ibaka),,42,49,,,,,shooting,D. Favors ,S. Ibaka ,,,,,,,,,
218,10220TOR,TOR,NOP,2,264,S. Ibaka makes free throw 1 of 2,,43,49,,,,,,,,,,S. Ibaka ,1,1 of 2,,,,
219,10220TOR,TOR,NOP,2,264,S. Ibaka makes free throw 2 of 2,,44,49,,,,,,,,,,S. Ibaka ,1,2 of 2,,,,
220,10220TOR,TOR,NOP,2,240,,B. Ingram misses 2-pt jump shot from 19 ft,44,49,B. Ingram ,2.0,0,,,,,,,,,,,,,
221,10220TOR,TOR,NOP,2,237,Defensive rebound by P. Siakam,,44,49,,,,,,,,P. Siakam ,defensive,,,,,,,
222,10220TOR,TOR,NOP,2,227,T. Davis misses 2-pt layup from 2 ft,,44,49,T. Davis ,2.0,0,,,,,,,,,,,,,
223,10220TOR,TOR,NOP,2,223,Offensive rebound by T. Davis,,44,49,,,,,,,,T. Davis ,offensive,,,,,,,
224,10220TOR,TOR,NOP,2,223,T. Davis misses 2-pt layup from 1 ft,,44,49,T. Davis ,2.0,0,,,,,,,,,,,,,
225,10220TOR,TOR,NOP,2,221,Offensive rebound by T. Davis,,44,49,,,,,,,,T. Davis ,offensive,,,,,,,
226,10220TOR,TOR,NOP,2,221,T. Davis makes 2-pt layup from 1 ft,,46,49,T. Davis ,2.0,1,,,,,,,,,,,,,
228,10220TOR,TOR,NOP,2,209,,B. Ingram makes 2-pt jump shot from 11 ft,46,51,B. Ingram ,2.0,1,,,,,,,,,,,,,
229,10220TOR,TOR,NOP,2,209,,Shooting foul by P. Siakam (drawn by B. Ingram),46,51,,,,,shooting,P. Siakam ,B. Ingram ,,,,,,,,,
230,10220TOR,TOR,NOP,2,209,,B. Ingram makes free throw 1 of 1,46,52,,,,,,,,,,B. Ingram ,1,1 of 1,,,,
231,10220TOR,TOR,NOP,2,196,F. VanVleet misses 3-pt jump shot from 27 ft,,46,52,F. VanVleet ,3.0,0,,,,,,,,,,,,,
232,10220TOR,TOR,NOP,2,194,Offensive rebound by Team,,46,52,,,,,,,,Team ,offensive,,,,,,,
233,10220TOR,TOR,NOP,2,186,T. Davis misses 3-pt jump shot from 25 ft,,46,52,T. Davis ,3.0,0,,,,,,,,,,,,,
234,10220TOR,TOR,NOP,2,185,,Defensive rebound by Team,46,52,,,,,,,,Team ,defensive,,,,,,,
235,10220TOR,TOR,NOP,2,168,,B. Ingram misses 2-pt layup from 2 ft,46,52,B. Ingram ,2.0,0,,,,,,,,,,,,,
236,10220TOR,TOR,NOP,2,166,Defensive rebound by T. Davis,,46,52,,,,,,,,T. Davis ,defensive,,,,,,,
237,10220TOR,TOR,NOP,2,159,S. Ibaka makes 2-pt hook shot from 5 ft (assist by T. Davis),,48,52,S. Ibaka ,2.0,1,,,,,,,,,,,,,
238,10220TOR,TOR,NOP,2,148,,Turnover by J. Holiday (bad pass; steal by T. Davis),48,52,,,,,,,,,,,,,,,J. Holiday ,steal
239,10220TOR,TOR,NOP,2,144,S. Ibaka makes 2-pt layup from 1 ft,,50,52,S. Ibaka ,2.0,1,,,,,,,,,,,,,
240,10220TOR,TOR,NOP,2,130,,B. Ingram misses 3-pt jump shot from 22 ft,50,52,B. Ingram ,3.0,0,,,,,,,,,,,,,
241,10220TOR,TOR,NOP,2,127,Defensive rebound by P. Siakam,,50,52,,,,,,,,P. Siakam ,defensive,,,,,,,
242,10220TOR,TOR,NOP,2,123,K. Lowry makes 2-pt layup from 1 ft (assist by F. VanVleet),,52,52,K. Lowry ,2.0,1,,,,,,,,,,,,,
243,10220TOR,TOR,NOP,2,111,,J. Holiday makes 2-pt layup from 3 ft (assist by L. Ball),52,54,J. Holiday ,2.0,1,,,,,,,,,,,,,
245,10220TOR,TOR,NOP,2,87,P. Siakam makes 2-pt layup from 2 ft (assist by F. VanVleet),,54,54,P. Siakam ,2.0,1,,,,,,,,,,,,,
247,10220TOR,TOR,NOP,2,79,,Shooting foul by T. Davis (drawn by L. Ball),54,54,,,,,shooting,T. Davis ,L. Ball ,,,,,,,,,
248,10220TOR,TOR,NOP,2,79,,L. Ball makes free throw 1 of 2,54,55,,,,,,,,,,L. Ball ,1,1 of 2,,,,
249,10220TOR,TOR,NOP,2,79,,L. Ball makes free throw 2 of 2,54,56,,,,,,,,,,L. Ball ,1,2 of 2,,,,
250,10220TOR,TOR,NOP,2,70,K. Lowry misses 2-pt layup from 2 ft (block by J. Holiday),,54,56,K. Lowry ,2.0,0,J. Holiday ,,,,,,,,,,,,
251,10220TOR,TOR,NOP,2,70,,Defensive rebound by Team,54,56,,,,,,,,Team ,defensive,,,,,,,
252,10220TOR,TOR,NOP,2,55,,B. Ingram makes 2-pt layup from 2 ft (assist by D. Favors),54,58,B. Ingram ,2.0,1,,,,,,,,,,,,,
253,10220TOR,TOR,NOP,2,50,Personal foul by B. Ingram (drawn by P. Siakam),,54,58,,,,,personal,B. Ingram ,P. Siakam ,,,,,,,,,
254,10220TOR,TOR,NOP,2,50,P. Siakam makes free throw 1 of 2,,55,58,,,,,,,,,,P. Siakam ,1,1 of 2,,,,
255,10220TOR,TOR,NOP,2,50,M. Gasol enters the game for S. Ibaka,,55,58,,,,,,,,,,,,,M. Gasol - TOR,S. Ibaka - TOR,,
256,10220TOR,TOR,NOP,2,50,P. Siakam makes free throw 2 of 2,,56,58,,,,,,,,,,P. Siakam ,1,2 of 2,,,,
257,10220TOR,TOR,NOP,2,43,,J. Redick makes 3-pt jump shot from 26 ft (assist by J. Holiday),56,61,J. Redick ,3.0,1,,,,,,,,,,,,,
259,10220TOR,TOR,NOP,2,32,P. Siakam misses 2-pt jump shot from 8 ft,,56,61,P. Siakam ,2.0,0,,,,,,,,,,,,,
260,10220TOR,TOR,NOP,2,29,,Defensive rebound by D. Favors,56,61,,,,,,,,D. Favors ,defensive,,,,,,,
261,10220TOR,TOR,NOP,2,26,,J. Redick misses 3-pt jump shot from 27 ft,56,61,J. Redick ,3.0,0,,,,,,,,,,,,,
262,10220TOR,TOR,NOP,2,24,Defensive rebound by F. VanVleet,,56,61,,,,,,,,F. VanVleet ,defensive,,,,,,,
263,10220TOR,TOR,NOP,2,16,Turnover by  (8 sec),,56,61,,,,,,,,,,,,,,,,common_tov
264,10220TOR,TOR,NOP,2,16,,N. Melli enters the game for D. Favors,56,61,,,,,,,,,,,,,N. Melli - NOP,D. Favors - NOP,,
265,10220TOR,TOR,NOP,2,16,O. Anunoby enters the game for M. Gasol,,56,61,,,,,,,,,,,,,O. Anunoby - TOR,M. Gasol - TOR,,
266,10220TOR,TOR,NOP,2,16,N. Powell enters the game for P. Siakam,,56,61,,,,,,,,,,,,,N. Powell - TOR,P. Siakam - TOR,,
267,10220TOR,TOR,NOP,2,1,,Turnover by J. Holiday (lost ball; steal by K. Lowry),56,61,,,,,,,,,,,,,,,J. Holiday ,steal
268,10220TOR,TOR,NOP,2,0,K. Lowry misses 3-pt jump shot from 41 ft,,56,61,K. Lowry ,3.0,0,,,,,,,,,,,,,
269,10220TOR,TOR,NOP,2,0,Offensive rebound by Team,,56,61,,,,,,,,Team ,offensive,,,,,,,
270,10220TOR,TOR,NOP,2,0,,End of 2nd quarter,56,61,,,,,,,,,,,,,,,,
271,10220TOR,TOR,NOP,3,697,F. VanVleet makes 2-pt layup from 2 ft,,58,61,F. VanVleet ,2.0,1,,,,,,,,,,,,,
272,10220TOR,TOR,NOP,3,678,,J. Holiday makes 2-pt jump shot from 9 ft,58,63,J. Holiday ,2.0,1,,,,,,,,,,,,,
273,10220TOR,TOR,NOP,3,673,Shooting foul by J. Redick (drawn by K. Lowry),,58,63,,,,,shooting,J. Redick ,K. Lowry ,,,,,,,,,
274,10220TOR,TOR,NOP,3,673,K. Lowry makes free throw 1 of 2,,59,63,,,,,,,,,,K. Lowry ,1,1 of 2,,,,
275,10220TOR,TOR,NOP,3,673,K. Lowry makes free throw 2 of 2,,60,63,,,,,,,,,,K. Lowry ,1,2 of 2,,,,
276,10220TOR,TOR,NOP,3,657,,B. Ingram makes 2-pt jump shot from 18 ft (assist by D. Favors),60,65,B. Ingram ,2.0,1,,,,,,,,,,,,,
278,10220TOR,TOR,NOP,3,640,K. Lowry misses 3-pt jump shot from 25 ft,,60,65,K. Lowry ,3.0,0,,,,,,,,,,,,,
279,10220TOR,TOR,NOP,3,638,Offensive rebound by P. Siakam,,60,65,,,,,,,,P. Siakam ,offensive,,,,,,,
280,10220TOR,TOR,NOP,3,636,K. Lowry makes 3-pt jump shot from 25 ft (assist by P. Siakam),,63,65,K. Lowry ,3.0,1,,,,,,,,,,,,,
281,10220TOR,TOR,NOP,3,620,,J. Holiday makes 2-pt layup from 2 ft,63,67,J. Holiday ,2.0,1,,,,,,,,,,,,,
282,10220TOR,TOR,NOP,3,602,P. Siakam misses 3-pt jump shot from 26 ft,,63,67,P. Siakam ,3.0,0,,,,,,,,,,,,,
283,10220TOR,TOR,NOP,3,599,,Defensive rebound by B. Ingram,63,67,,,,,,,,B. Ingram ,defensive,,,,,,,
284,10220TOR,TOR,NOP,3,598,,Turnover by B. Ingram (bad pass),63,67,,,,,,,,,,,,,,,B. Ingram ,common_tov
285,10220TOR,TOR,NOP,3,582,Personal foul by B. Ingram (drawn by O. Anunoby),,63,67,,,,,personal,B. Ingram ,O. Anunoby ,,,,,,,,,
286,10220TOR,TOR,NOP,3,578,F. VanVleet makes 3-pt jump shot from 26 ft (assist by P. Siakam),,66,67,F. VanVleet ,3.0,1,,,,,,,,,,,,,
287,10220TOR,TOR,NOP,3,563,,L. Ball makes 3-pt jump shot from 25 ft (assist by B. Ingram),66,70,L. Ball ,3.0,1,,,,,,,,,,,,,
288,10220TOR,TOR,NOP,3,553,M. Gasol makes 3-pt jump shot from 26 ft (assist by K. Lowry),,69,70,M. Gasol ,3.0,1,,,,,,,,,,,,,
289,10220TOR,TOR,NOP,3,540,,L. Ball misses 2-pt jump shot from 22 ft,69,70,L. Ball ,2.0,0,,,,,,,,,,,,,
290,10220TOR,TOR,NOP,3,538,Defensive rebound by O. Anunoby,,69,70,,,,,,,,O. Anunoby ,defensive,,,,,,,
291,10220TOR,TOR,NOP,3,531,P. Siakam makes 2-pt layup from 2 ft,,71,70,P. Siakam ,2.0,1,,,,,,,,,,,,,
293,10220TOR,TOR,NOP,3,519,,Turnover by J. Holiday (traveling),71,70,,,,,,,,,,,,,,,J. Holiday ,common_tov
294,10220TOR,TOR,NOP,3,511,O. Anunoby makes 2-pt dunk from 2 ft (assist by P. Siakam),,73,70,O. Anunoby ,2.0,1,,,,,,,,,,,,,
295,10220TOR,TOR,NOP,3,511,Shooting foul by D. Favors (drawn by O. Anunoby),,73,70,,,,,shooting,D. Favors ,O. Anunoby ,,,,,,,,,
296,10220TOR,TOR,NOP,3,511,O. Anunoby misses free throw 1 of 1,,73,70,,,,,,,,,,O. Anunoby ,0,1 of 1,,,,
297,10220TOR,TOR,NOP,3,508,,Defensive rebound by D. Favors,73,70,,,,,,,,D. Favors ,defensive,,,,,,,
298,10220TOR,TOR,NOP,3,499,,Turnover by J. Holiday (bad pass; steal by K. Lowry),73,70,,,,,,,,,,,,,,,J. Holiday ,steal
300,10220TOR,TOR,NOP,3,478,P. Siakam misses 2-pt jump shot from 8 ft,,73,70,P. Siakam ,2.0,0,,,,,,,,,,,,,
301,10220TOR,TOR,NOP,3,475,,Defensive rebound by D. Favors,73,70,,,,,,,,D. Favors ,defensive,,,,,,,
302,10220TOR,TOR,NOP,3,462,,J. Holiday misses 2-pt layup from 2 ft,73,70,J. Holiday ,2.0,0,,,,,,,,,,,,,
303,10220TOR,TOR,NOP,3,460,Defensive rebound by O. Anunoby,,73,70,,,,,,,,O. Anunoby ,defensive,,,,,,,
304,10220TOR,TOR,NOP,3,446,M. Gasol misses 3-pt jump shot from 25 ft,,73,70,M. Gasol ,3.0,0,,,,,,,,,,,,,
305,10220TOR,TOR,NOP,3,443,,Defensive rebound by L. Ball,73,70,,,,,,,,L. Ball ,defensive,,,,,,,
306,10220TOR,TOR,NOP,3,439,,B. Ingram makes 3-pt jump shot from 24 ft (assist by J. Redick),73,73,B. Ingram ,3.0,1,,,,,,,,,,,,,
307,10220TOR,TOR,NOP,3,424,P. Siakam makes 2-pt hook shot from 3 ft,,75,73,P. Siakam ,2.0,1,,,,,,,,,,,,,
308,10220TOR,TOR,NOP,3,416,,Personal foul by K. Lowry (drawn by B. Ingram),75,73,,,,,personal,K. Lowry ,B. Ingram ,,,,,,,,,
309,10220TOR,TOR,NOP,3,412,,Offensive foul by D. Favors (drawn by O. Anunoby),75,73,,,,,offensive,D. Favors ,O. Anunoby ,,,,,,,,,
310,10220TOR,TOR,NOP,3,412,,Turnover by D. Favors (offensive foul),75,73,,,,,,,,,,,,,,,D. Favors ,common_tov
311,10220TOR,TOR,NOP,3,397,M. Gasol misses 2-pt jump shot from 6 ft,,75,73,M. Gasol ,2.0,0,,,,,,,,,,,,,
312,10220TOR,TOR,NOP,3,394,,Defensive rebound by B. Ingram,75,73,,,,,,,,B. Ingram ,defensive,,,,,,,
313,10220TOR,TOR,NOP,3,389,,B. Ingram makes 2-pt jump shot from 13 ft,75,75,B. Ingram ,2.0,1,,,,,,,,,,,,,
314,10220TOR,TOR,NOP,3,389,,Shooting foul by O. Anunoby (drawn by B. Ingram),75,75,,,,,shooting,O. Anunoby ,B. Ingram ,,,,,,,,,
315,10220TOR,TOR,NOP,3,389,,J. Hart enters the game for L. Ball,75,75,,,,,,,,,,,,,J. Hart - NOP,L. Ball - NOP,,
316,10220TOR,TOR,NOP,3,389,,N. Melli enters the game for D. Favors,75,75,,,,,,,,,,,,,N. Melli - NOP,D. Favors - NOP,,
317,10220TOR,TOR,NOP,3,389,,B. Ingram makes free throw 1 of 1,75,76,,,,,,,,,,B. Ingram ,1,1 of 1,,,,
318,10220TOR,TOR,NOP,3,378,P. Siakam misses 3-pt jump shot from 22 ft,,75,76,P. Siakam ,3.0,0,,,,,,,,,,,,,
319,10220TOR,TOR,NOP,3,375,,Defensive rebound by B. Ingram,75,76,,,,,,,,B. Ingram ,defensive,,,,,,,
320,10220TOR,TOR,NOP,3,368,,J. Redick misses 3-pt jump shot from 25 ft,75,76,J. Redick ,3.0,0,,,,,,,,,,,,,
321,10220TOR,TOR,NOP,3,365,Defensive rebound by P. Siakam,,75,76,,,,,,,,P. Siakam ,defensive,,,,,,,
322,10220TOR,TOR,NOP,3,360,F. VanVleet makes 2-pt layup from 2 ft,,77,76,F. VanVleet ,2.0,1,,,,,,,,,,,,,
323,10220TOR,TOR,NOP,3,353,,Turnover by J. Holiday (step out of bounds),77,76,,,,,,,,,,,,,,,J. Holiday ,common_tov
324,10220TOR,TOR,NOP,3,353,,E. Moore enters the game for J. Redick,77,76,,,,,,,,,,,,,E. Moore - NOP,J. Redick - NOP,,
325,10220TOR,TOR,NOP,3,353,N. Powell enters the game for K. Lowry,,77,76,,,,,,,,,,,,,N. Powell - TOR,K. Lowry - TOR,,
326,10220TOR,TOR,NOP,3,336,O. Anunoby makes 2-pt layup from 1 ft (assist by F. VanVleet),,79,76,O. Anunoby ,2.0,1,,,,,,,,,,,,,
327,10220TOR,TOR,NOP,3,326,,Personal foul by P. Siakam (drawn by J. Holiday),79,76,,,,,personal,P. Siakam ,J. Holiday ,,,,,,,,,
328,10220TOR,TOR,NOP,3,326,S. Ibaka enters the game for M. Gasol,,79,76,,,,,,,,,,,,,S. Ibaka - TOR,M. Gasol - TOR,,
329,10220TOR,TOR,NOP,3,314,,B. Ingram misses 2-pt jump shot from 19 ft,79,76,B. Ingram ,2.0,0,,,,,,,,,,,,,
330,10220TOR,TOR,NOP,3,312,Defensive rebound by N. Powell,,79,76,,,,,,,,N. Powell ,defensive,,,,,,,
331,10220TOR,TOR,NOP,3,296,S. Ibaka misses 2-pt jump shot from 19 ft,,79,76,S. Ibaka ,2.0,0,,,,,,,,,,,,,
332,10220TOR,TOR,NOP,3,292,Offensive rebound by P. Siakam,,79,76,,,,,,,,P. Siakam ,offensive,,,,,,,
333,10220TOR,TOR,NOP,3,291,P. Siakam misses 2-pt layup from 3 ft,,79,76,P. Siakam ,2.0,0,,,,,,,,,,,,,
334,10220TOR,TOR,NOP,3,291,,Defensive rebound by E. Moore,79,76,,,,,,,,E. Moore ,defensive,,,,,,,
335,10220TOR,TOR,NOP,3,285,,J. Hart makes 2-pt layup from 2 ft (assist by E. Moore),79,78,J. Hart ,2.0,1,,,,,,,,,,,,,
336,10220TOR,TOR,NOP,3,270,F. VanVleet makes 2-pt layup from 1 ft,,81,78,F. VanVleet ,2.0,1,,,,,,,,,,,,,
337,10220TOR,TOR,NOP,3,254,,Turnover by N. Melli (bad pass; steal by F. VanVleet),81,78,,,,,,,,,,,,,,,N. Melli ,steal
338,10220TOR,TOR,NOP,3,251,Personal foul by J. Hart (drawn by P. Siakam),,81,78,,,,,personal,J. Hart ,P. Siakam ,,,,,,,,,
339,10220TOR,TOR,NOP,3,251,,N. Alexander-Walker enters the game for J. Holiday,81,78,,,,,,,,,,,,,N. Alexander-Walker - NOP,J. Holiday - NOP,,
340,10220TOR,TOR,NOP,3,251,,K. Williams enters the game for B. Ingram,81,78,,,,,,,,,,,,,K. Williams - NOP,B. Ingram - NOP,,
341,10220TOR,TOR,NOP,3,244,P. Siakam misses 2-pt hook shot from 8 ft,,81,78,P. Siakam ,2.0,0,,,,,,,,,,,,,
342,10220TOR,TOR,NOP,3,242,,Defensive rebound by N. Alexander-Walker,81,78,,,,,,,,N. Alexander-Walker ,defensive,,,,,,,
343,10220TOR,TOR,NOP,3,238,,K. Williams misses 3-pt jump shot from 24 ft,81,78,K. Williams ,3.0,0,,,,,,,,,,,,,
344,10220TOR,TOR,NOP,3,238,Defensive rebound by O. Anunoby,,81,78,,,,,,,,O. Anunoby ,defensive,,,,,,,
345,10220TOR,TOR,NOP,3,231,Personal foul by N. Alexander-Walker (drawn by S. Ibaka),,81,78,,,,,personal,N. Alexander-Walker ,S. Ibaka ,,,,,,,,,
346,10220TOR,TOR,NOP,3,231,S. Ibaka makes free throw 1 of 2,,82,78,,,,,,,,,,S. Ibaka ,1,1 of 2,,,,
347,10220TOR,TOR,NOP,3,231,T. Davis enters the game for P. Siakam,,82,78,,,,,,,,,,,,,T. Davis - TOR,P. Siakam - TOR,,
348,10220TOR,TOR,NOP,3,231,S. Ibaka misses free throw 2 of 2,,82,78,,,,,,,,,,S. Ibaka ,0,2 of 2,,,,
349,10220TOR,TOR,NOP,3,228,Offensive rebound by O. Anunoby,,82,78,,,,,,,,O. Anunoby ,offensive,,,,,,,
350,10220TOR,TOR,NOP,3,225,Turnover by O. Anunoby (back court),,82,78,,,,,,,,,,,,,,,O. Anunoby ,common_tov
351,10220TOR,TOR,NOP,3,213,,Turnover by N. Melli (3 sec),82,78,,,,,,,,,,,,,,,N. Melli ,common_tov
352,10220TOR,TOR,NOP,3,190,N. Powell misses 3-pt jump shot from 29 ft,,82,78,N. Powell ,3.0,0,,,,,,,,,,,,,
353,10220TOR,TOR,NOP,3,187,Offensive rebound by S. Ibaka,,82,78,,,,,,,,S. Ibaka ,offensive,,,,,,,
354,10220TOR,TOR,NOP,3,184,S. Ibaka makes 2-pt hook shot from 7 ft,,84,78,S. Ibaka ,2.0,1,,,,,,,,,,,,,
355,10220TOR,TOR,NOP,3,169,,Turnover by N. Alexander-Walker (bad pass; steal by T. Davis),84,78,,,,,,,,,,,,,,,N. Alexander-Walker ,steal
356,10220TOR,TOR,NOP,3,161,O. Anunoby misses 3-pt jump shot from 26 ft,,84,78,O. Anunoby ,3.0,0,,,,,,,,,,,,,
357,10220TOR,TOR,NOP,3,159,Offensive rebound by Team,,84,78,,,,,,,,Team ,offensive,,,,,,,
358,10220TOR,TOR,NOP,3,159,,Loose ball foul by K. Williams (drawn by S. Ibaka),84,78,,,,,loose ball,K. Williams ,S. Ibaka ,,,,,,,,,
360,10220TOR,TOR,NOP,3,159,S. Ibaka makes free throw 1 of 2,,85,78,,,,,,,,,,S. Ibaka ,1,1 of 2,,,,
361,10220TOR,TOR,NOP,3,159,S. Ibaka makes free throw 2 of 2,,86,78,,,,,,,,,,S. Ibaka ,1,2 of 2,,,,
362,10220TOR,TOR,NOP,3,138,,E. Moore makes 3-pt jump shot from 25 ft,86,81,E. Moore ,3.0,1,,,,,,,,,,,,,
363,10220TOR,TOR,NOP,3,116,F. VanVleet makes 2-pt layup from 2 ft,,88,81,F. VanVleet ,2.0,1,,,,,,,,,,,,,
364,10220TOR,TOR,NOP,3,97,,E. Moore misses 3-pt jump shot from 24 ft,88,81,E. Moore ,3.0,0,,,,,,,,,,,,,
365,10220TOR,TOR,NOP,3,95,,Offensive rebound by J. Hart,88,81,,,,,,,,J. Hart ,offensive,,,,,,,
366,10220TOR,TOR,NOP,3,91,,N. Alexander-Walker misses 3-pt jump shot from 32 ft,88,81,N. Alexander-Walker ,3.0,0,,,,,,,,,,,,,
367,10220TOR,TOR,NOP,3,88,Defensive rebound by N. Powell,,88,81,,,,,,,,N. Powell ,defensive,,,,,,,
368,10220TOR,TOR,NOP,3,66,S. Ibaka misses 2-pt jump shot from 7 ft,,88,81,S. Ibaka ,2.0,0,,,,,,,,,,,,,
369,10220TOR,TOR,NOP,3,63,,Defensive rebound by J. Hart,88,81,,,,,,,,J. Hart ,defensive,,,,,,,
370,10220TOR,TOR,NOP,3,54,,N. Alexander-Walker misses 2-pt layup from 2 ft (block by O. Anunoby),88,81,N. Alexander-Walker ,2.0,0,O. Anunoby ,,,,,,,,,,,,
371,10220TOR,TOR,NOP,3,51,,Offensive rebound by K. Williams,88,81,,,,,,,,K. Williams ,offensive,,,,,,,
372,10220TOR,TOR,NOP,3,50,,N. Melli makes 3-pt jump shot from 25 ft (assist by K. Williams),88,84,N. Melli ,3.0,1,,,,,,,,,,,,,
373,10220TOR,TOR,NOP,3,30,F. VanVleet misses 2-pt layup from 3 ft,,88,84,F. VanVleet ,2.0,0,,,,,,,,,,,,,
374,10220TOR,TOR,NOP,3,28,Offensive rebound by Team,,88,84,,,,,,,,Team ,offensive,,,,,,,
375,10220TOR,TOR,NOP,3,28,K. Lowry enters the game for F. VanVleet,,88,84,,,,,,,,,,,,,K. Lowry - TOR,F. VanVleet - TOR,,
376,10220TOR,TOR,NOP,3,27,S. Ibaka misses 2-pt hook shot from 10 ft,,88,84,S. Ibaka ,2.0,0,,,,,,,,,,,,,
377,10220TOR,TOR,NOP,3,24,,Defensive rebound by K. Williams,88,84,,,,,,,,K. Williams ,defensive,,,,,,,
378,10220TOR,TOR,NOP,3,4,,E. Moore misses 3-pt jump shot from 24 ft,88,84,E. Moore ,3.0,0,,,,,,,,,,,,,
379,10220TOR,TOR,NOP,3,2,,Offensive rebound by J. Hart,88,84,,,,,,,,J. Hart ,offensive,,,,,,,
380,10220TOR,TOR,NOP,3,2,,Shooting foul by O. Anunoby (drawn by J. Hart),88,84,,,,,shooting,O. Anunoby ,J. Hart ,,,,,,,,,
381,10220TOR,TOR,NOP,3,2,,J. Hart makes free throw 1 of 2,88,85,,,,,,,,,,J. Hart ,1,1 of 2,,,,
382,10220TOR,TOR,NOP,3,2,,J. Hart makes free throw 2 of 2,88,86,,,,,,,,,,J. Hart ,1,2 of 2,,,,
383,10220TOR,TOR,NOP,3,0,K. Lowry misses 3-pt jump shot from 57 ft,,88,86,K. Lowry ,3.0,0,,,,,,,,,,,,,
384,10220TOR,TOR,NOP,3,0,Offensive rebound by Team,,88,86,,,,,,,,Team ,offensive,,,,,,,
385,10220TOR,TOR,NOP,3,0,,End of 3rd quarter,88,86,,,,,,,,,,,,,,,,
386,10220TOR,TOR,NOP,4,710,,J. Holiday misses 2-pt jump shot from 17 ft,88,86,J. Holiday ,2.0,0,,,,,,,,,,,,,
387,10220TOR,TOR,NOP,4,708,Defensive rebound by T. Davis,,88,86,,,,,,,,T. Davis ,defensive,,,,,,,
388,10220TOR,TOR,NOP,4,697,P. Siakam misses 2-pt hook shot from 7 ft,,88,86,P. Siakam ,2.0,0,,,,,,,,,,,,,
389,10220TOR,TOR,NOP,4,696,Offensive rebound by P. Siakam,,88,86,,,,,,,,P. Siakam ,offensive,,,,,,,
390,10220TOR,TOR,NOP,4,696,Shooting foul by K. Williams (drawn by P. Siakam),,88,86,,,,,shooting,K. Williams ,P. Siakam ,,,,,,,,,
391,10220TOR,TOR,NOP,4,696,P. Siakam misses free throw 1 of 2,,88,86,,,,,,,,,,P. Siakam ,0,1 of 2,,,,
392,10220TOR,TOR,NOP,4,696,Offensive rebound by Team,,88,86,,,,,,,,Team ,offensive,,,,,,,
393,10220TOR,TOR,NOP,4,696,P. Siakam makes free throw 2 of 2,,89,86,,,,,,,,,,P. Siakam ,1,2 of 2,,,,
394,10220TOR,TOR,NOP,4,686,,Shooting foul by K. Lowry (drawn by F. Jackson),89,86,,,,,shooting,K. Lowry ,F. Jackson ,,,,,,,,,
395,10220TOR,TOR,NOP,4,686,,F. Jackson makes free throw 1 of 2,89,87,,,,,,,,,,F. Jackson ,1,1 of 2,,,,
396,10220TOR,TOR,NOP,4,686,,F. Jackson makes free throw 2 of 2,89,88,,,,,,,,,,F. Jackson ,1,2 of 2,,,,
397,10220TOR,TOR,NOP,4,667,Turnover by S. Ibaka (bad pass),,89,88,,,,,,,,,,,,,,,S. Ibaka ,common_tov
398,10220TOR,TOR,NOP,4,654,,N. Melli makes 2-pt jump shot from 17 ft,89,90,N. Melli ,2.0,1,,,,,,,,,,,,,
399,10220TOR,TOR,NOP,4,642,S. Ibaka misses 2-pt jump shot from 16 ft,,89,90,S. Ibaka ,2.0,0,,,,,,,,,,,,,
400,10220TOR,TOR,NOP,4,640,,Defensive rebound by J. Hart,89,90,,,,,,,,J. Hart ,defensive,,,,,,,
401,10220TOR,TOR,NOP,4,630,,J. Holiday makes 3-pt jump shot from 25 ft,89,93,J. Holiday ,3.0,1,,,,,,,,,,,,,
402,10220TOR,TOR,NOP,4,608,P. Siakam makes 2-pt hook shot from 7 ft,,91,93,P. Siakam ,2.0,1,,,,,,,,,,,,,
403,10220TOR,TOR,NOP,4,597,,J. Hart misses 2-pt jump shot from 9 ft,91,93,J. Hart ,2.0,0,,,,,,,,,,,,,
404,10220TOR,TOR,NOP,4,594,Defensive rebound by P. Siakam,,91,93,,,,,,,,P. Siakam ,defensive,,,,,,,
405,10220TOR,TOR,NOP,4,590,P. Siakam misses 2-pt layup from 3 ft (block by J. Holiday),,91,93,P. Siakam ,2.0,0,J. Holiday ,,,,,,,,,,,,
406,10220TOR,TOR,NOP,4,590,Offensive rebound by Team,,91,93,,,,,,,,Team ,offensive,,,,,,,
407,10220TOR,TOR,NOP,4,586,Personal foul by J. Hart (drawn by K. Lowry),,91,93,,,,,personal,J. Hart ,K. Lowry ,,,,,,,,,
408,10220TOR,TOR,NOP,4,578,K. Lowry misses 3-pt jump shot from 26 ft,,91,93,K. Lowry ,3.0,0,,,,,,,,,,,,,
409,10220TOR,TOR,NOP,4,575,,Defensive rebound by J. Hart,91,93,,,,,,,,J. Hart ,defensive,,,,,,,
410,10220TOR,TOR,NOP,4,561,,J. Hart makes 3-pt jump shot from 23 ft (assist by K. Williams),91,96,J. Hart ,3.0,1,,,,,,,,,,,,,
411,10220TOR,TOR,NOP,4,546,T. Davis makes 3-pt jump shot from 26 ft (assist by K. Lowry),,94,96,T. Davis ,3.0,1,,,,,,,,,,,,,
412,10220TOR,TOR,NOP,4,535,,Offensive foul by F. Jackson (drawn by T. Davis),94,96,,,,,offensive,F. Jackson ,T. Davis ,,,,,,,,,
413,10220TOR,TOR,NOP,4,535,,Turnover by F. Jackson (offensive foul),94,96,,,,,,,,,,,,,,,F. Jackson ,common_tov
414,10220TOR,TOR,NOP,4,518,T. Davis misses 3-pt jump shot from 24 ft,,94,96,T. Davis ,3.0,0,,,,,,,,,,,,,
415,10220TOR,TOR,NOP,4,515,,Defensive rebound by J. Hart,94,96,,,,,,,,J. Hart ,defensive,,,,,,,
416,10220TOR,TOR,NOP,4,510,,Shooting foul by P. Siakam (drawn by K. Williams),94,96,,,,,shooting,P. Siakam ,K. Williams ,,,,,,,,,
417,10220TOR,TOR,NOP,4,510,,K. Williams makes free throw 1 of 3,94,97,,,,,,,,,,K. Williams ,1,1 of 3,,,,
418,10220TOR,TOR,NOP,4,510,,K. Williams makes free throw 2 of 3,94,98,,,,,,,,,,K. Williams ,1,2 of 3,,,,
419,10220TOR,TOR,NOP,4,510,,J. Okafor enters the game for N. Melli,94,98,,,,,,,,,,,,,J. Okafor - NOP,N. Melli - NOP,,
420,10220TOR,TOR,NOP,4,510,,K. Williams makes free throw 3 of 3,94,99,,,,,,,,,,K. Williams ,1,3 of 3,,,,
421,10220TOR,TOR,NOP,4,499,N. Powell makes 3-pt jump shot from 25 ft (assist by T. Davis),,97,99,N. Powell ,3.0,1,,,,,,,,,,,,,
422,10220TOR,TOR,NOP,4,484,,F. Jackson misses 3-pt jump shot from 24 ft,97,99,F. Jackson ,3.0,0,,,,,,,,,,,,,
423,10220TOR,TOR,NOP,4,480,Defensive rebound by Team,,97,99,,,,,,,,Team ,defensive,,,,,,,
424,10220TOR,TOR,NOP,4,480,F. VanVleet enters the game for T. Davis,,97,99,,,,,,,,,,,,,F. VanVleet - TOR,T. Davis - TOR,,
425,10220TOR,TOR,NOP,4,467,S. Ibaka misses 2-pt jump shot from 20 ft,,97,99,S. Ibaka ,2.0,0,,,,,,,,,,,,,
426,10220TOR,TOR,NOP,4,464,,Defensive rebound by J. Holiday,97,99,,,,,,,,J. Holiday ,defensive,,,,,,,
427,10220TOR,TOR,NOP,4,451,,F. Jackson misses 3-pt jump shot from 23 ft,97,99,F. Jackson ,3.0,0,,,,,,,,,,,,,
428,10220TOR,TOR,NOP,4,447,,Offensive rebound by J. Holiday,97,99,,,,,,,,J. Holiday ,offensive,,,,,,,
429,10220TOR,TOR,NOP,4,442,,J. Hart misses 3-pt jump shot from 24 ft,97,99,J. Hart ,3.0,0,,,,,,,,,,,,,
430,10220TOR,TOR,NOP,4,439,Defensive rebound by N. Powell,,97,99,,,,,,,,N. Powell ,defensive,,,,,,,
431,10220TOR,TOR,NOP,4,431,P. Siakam makes 3-pt jump shot from 23 ft (assist by N. Powell),,100,99,P. Siakam ,3.0,1,,,,,,,,,,,,,
432,10220TOR,TOR,NOP,4,416,,J. Hart misses 2-pt jump shot from 10 ft,100,99,J. Hart ,2.0,0,,,,,,,,,,,,,
433,10220TOR,TOR,NOP,4,413,,Offensive rebound by J. Okafor,100,99,,,,,,,,J. Okafor ,offensive,,,,,,,
434,10220TOR,TOR,NOP,4,405,,J. Holiday misses 3-pt jump shot from 25 ft,100,99,J. Holiday ,3.0,0,,,,,,,,,,,,,
435,10220TOR,TOR,NOP,4,404,Defensive rebound by Team,,100,99,,,,,,,,Team ,defensive,,,,,,,
436,10220TOR,TOR,NOP,4,404,,Loose ball foul by K. Williams (drawn by K. Lowry),100,99,,,,,loose ball,K. Williams ,K. Lowry ,,,,,,,,,
438,10220TOR,TOR,NOP,4,404,,B. Ingram enters the game for K. Williams,100,99,,,,,,,,,,,,,B. Ingram - NOP,K. Williams - NOP,,
439,10220TOR,TOR,NOP,4,404,M. Gasol enters the game for S. Ibaka,,100,99,,,,,,,,,,,,,M. Gasol - TOR,S. Ibaka - TOR,,
440,10220TOR,TOR,NOP,4,389,P. Siakam makes 3-pt jump shot from 25 ft (assist by F. VanVleet),,103,99,P. Siakam ,3.0,1,,,,,,,,,,,,,
441,10220TOR,TOR,NOP,4,379,,Personal foul by M. Gasol (drawn by J. Okafor),103,99,,,,,personal,M. Gasol ,J. Okafor ,,,,,,,,,
442,10220TOR,TOR,NOP,4,368,,F. Jackson makes 2-pt layup from 2 ft,103,101,F. Jackson ,2.0,1,,,,,,,,,,,,,
444,10220TOR,TOR,NOP,4,351,K. Lowry misses 2-pt layup from 2 ft,,103,101,K. Lowry ,2.0,0,,,,,,,,,,,,,
445,10220TOR,TOR,NOP,4,350,,Defensive rebound by J. Hart,103,101,,,,,,,,J. Hart ,defensive,,,,,,,
446,10220TOR,TOR,NOP,4,345,,B. Ingram makes 2-pt dunk at rim (assist by J. Holiday),103,103,B. Ingram ,2.0,1,,,,,,,,,,,,,
447,10220TOR,TOR,NOP,4,345,,Technical foul by K. Lowry,103,103,,,,,technical,K. Lowry ,,,,,,,,,,
448,10220TOR,TOR,NOP,4,345,Defensive rebound by Team,,103,103,,,,,,,,Team ,defensive,,,,,,,
450,10220TOR,TOR,NOP,4,321,M. Gasol misses 2-pt hook shot from 5 ft,,103,103,M. Gasol ,2.0,0,,,,,,,,,,,,,
451,10220TOR,TOR,NOP,4,320,,Defensive rebound by J. Holiday,103,103,,,,,,,,J. Holiday ,defensive,,,,,,,
452,10220TOR,TOR,NOP,4,312,,J. Okafor makes 2-pt layup from 2 ft (assist by B. Ingram),103,105,J. Okafor ,2.0,1,,,,,,,,,,,,,
453,10220TOR,TOR,NOP,4,312,,Shooting foul by M. Gasol (drawn by J. Okafor),103,105,,,,,shooting,M. Gasol ,J. Okafor ,,,,,,,,,
454,10220TOR,TOR,NOP,4,312,,Technical foul by M. Gasol,103,105,,,,,technical,M. Gasol ,,,,,,,,,,
455,10220TOR,TOR,NOP,4,312,,Offensive rebound by Team,103,105,,,,,,,,Team ,offensive,,,,,,,
457,10220TOR,TOR,NOP,4,312,,J. Okafor makes free throw 1 of 1,103,106,,,,,,,,,,J. Okafor ,1,1 of 1,,,,
458,10220TOR,TOR,NOP,4,299,P. Siakam misses 2-pt layup from 3 ft (block by J. Okafor),,103,106,P. Siakam ,2.0,0,J. Okafor ,,,,,,,,,,,,
459,10220TOR,TOR,NOP,4,298,Offensive rebound by P. Siakam,,103,106,,,,,,,,P. Siakam ,offensive,,,,,,,
460,10220TOR,TOR,NOP,4,298,P. Siakam misses 2-pt layup at rim,,103,106,P. Siakam ,2.0,0,,,,,,,,,,,,,
461,10220TOR,TOR,NOP,4,298,Offensive rebound by P. Siakam,,103,106,,,,,,,,P. Siakam ,offensive,,,,,,,
462,10220TOR,TOR,NOP,4,298,Personal foul by B. Ingram (drawn by P. Siakam),,103,106,,,,,personal,B. Ingram ,P. Siakam ,,,,,,,,,
463,10220TOR,TOR,NOP,4,290,Turnover by K. Lowry (bad pass),,103,106,,,,,,,,,,,,,,,K. Lowry ,common_tov
464,10220TOR,TOR,NOP,4,269,,F. Jackson makes 3-pt jump shot from 25 ft (assist by B. Ingram),103,109,F. Jackson ,3.0,1,,,,,,,,,,,,,
465,10220TOR,TOR,NOP,4,255,F. VanVleet misses 3-pt jump shot from 26 ft,,103,109,F. VanVleet ,3.0,0,,,,,,,,,,,,,
466,10220TOR,TOR,NOP,4,254,Offensive rebound by Team,,103,109,,,,,,,,Team ,offensive,,,,,,,
467,10220TOR,TOR,NOP,4,249,Turnover by P. Siakam (traveling),,103,109,,,,,,,,,,,,,,,P. Siakam ,common_tov
469,10220TOR,TOR,NOP,4,249,O. Anunoby enters the game for N. Powell,,103,109,,,,,,,,,,,,,O. Anunoby - TOR,N. Powell - TOR,,
470,10220TOR,TOR,NOP,4,229,,J. Hart misses 2-pt layup from 3 ft (block by O. Anunoby),103,109,J. Hart ,2.0,0,O. Anunoby ,,,,,,,,,,,,
471,10220TOR,TOR,NOP,4,226,Defensive rebound by F. VanVleet,,103,109,,,,,,,,F. VanVleet ,defensive,,,,,,,
472,10220TOR,TOR,NOP,4,220,Personal foul by F. Jackson (drawn by F. VanVleet),,103,109,,,,,personal,F. Jackson ,F. VanVleet ,,,,,,,,,
473,10220TOR,TOR,NOP,4,220,F. VanVleet makes free throw 1 of 2,,104,109,,,,,,,,,,F. VanVleet ,1,1 of 2,,,,
474,10220TOR,TOR,NOP,4,220,F. VanVleet makes free throw 2 of 2,,105,109,,,,,,,,,,F. VanVleet ,1,2 of 2,,,,
475,10220TOR,TOR,NOP,4,208,,B. Ingram misses 2-pt jump shot from 7 ft,105,109,B. Ingram ,2.0,0,,,,,,,,,,,,,
476,10220TOR,TOR,NOP,4,204,Defensive rebound by P. Siakam,,105,109,,,,,,,,P. Siakam ,defensive,,,,,,,
477,10220TOR,TOR,NOP,4,198,P. Siakam makes 2-pt layup from 3 ft (assist by F. VanVleet),,107,109,P. Siakam ,2.0,1,,,,,,,,,,,,,
478,10220TOR,TOR,NOP,4,198,Shooting foul by J. Okafor (drawn by P. Siakam),,107,109,,,,,shooting,J. Okafor ,P. Siakam ,,,,,,,,,
479,10220TOR,TOR,NOP,4,198,P. Siakam makes free throw 1 of 1,,108,109,,,,,,,,,,P. Siakam ,1,1 of 1,,,,
480,10220TOR,TOR,NOP,4,182,,B. Ingram misses 3-pt jump shot from 23 ft,108,109,B. Ingram ,3.0,0,,,,,,,,,,,,,
481,10220TOR,TOR,NOP,4,179,Defensive rebound by P. Siakam,,108,109,,,,,,,,P. Siakam ,defensive,,,,,,,
482,10220TOR,TOR,NOP,4,171,P. Siakam makes 2-pt jump shot from 7 ft (assist by K. Lowry),,110,109,P. Siakam ,2.0,1,,,,,,,,,,,,,
483,10220TOR,TOR,NOP,4,157,,Shooting foul by P. Siakam (drawn by J. Okafor),110,109,,,,,shooting,P. Siakam ,J. Okafor ,,,,,,,,,
484,10220TOR,TOR,NOP,4,157,,J. Okafor misses free throw 1 of 2,110,109,,,,,,,,,,J. Okafor ,0,1 of 2,,,,
485,10220TOR,TOR,NOP,4,157,,Offensive rebound by Team,110,109,,,,,,,,Team ,offensive,,,,,,,
486,10220TOR,TOR,NOP,4,157,,J. Okafor makes free throw 2 of 2,110,110,,,,,,,,,,J. Okafor ,1,2 of 2,,,,
487,10220TOR,TOR,NOP,4,134,Shooting foul by J. Okafor (drawn by K. Lowry),,110,110,,,,,shooting,J. Okafor ,K. Lowry ,,,,,,,,,
488,10220TOR,TOR,NOP,4,134,,N. Melli enters the game for J. Okafor,110,110,,,,,,,,,,,,,N. Melli - NOP,J. Okafor - NOP,,
489,10220TOR,TOR,NOP,4,134,S. Ibaka enters the game for M. Gasol,,110,110,,,,,,,,,,,,,S. Ibaka - TOR,M. Gasol - TOR,,
490,10220TOR,TOR,NOP,4,134,Offensive rebound by Team,,110,110,,,,,,,,Team ,offensive,,,,,,,
491,10220TOR,TOR,NOP,4,134,K. Lowry misses free throw 1 of 3,,110,110,,,,,,,,,,K. Lowry ,0,1 of 3,,,,
492,10220TOR,TOR,NOP,4,134,K. Lowry makes free throw 2 of 3,,111,110,,,,,,,,,,K. Lowry ,1,2 of 3,,,,
493,10220TOR,TOR,NOP,4,134,,J. Redick enters the game for F. Jackson,111,110,,,,,,,,,,,,,J. Redick - NOP,F. Jackson - NOP,,
494,10220TOR,TOR,NOP,4,134,K. Lowry makes free throw 3 of 3,,112,110,,,,,,,,,,K. Lowry ,1,3 of 3,,,,
495,10220TOR,TOR,NOP,4,123,,J. Holiday makes 2-pt layup from 1 ft,112,112,J. Holiday ,2.0,1,,,,,,,,,,,,,
496,10220TOR,TOR,NOP,4,99,K. Lowry misses 3-pt jump shot from 27 ft,,112,112,K. Lowry ,3.0,0,,,,,,,,,,,,,
497,10220TOR,TOR,NOP,4,96,,Defensive rebound by N. Melli,112,112,,,,,,,,N. Melli ,defensive,,,,,,,
498,10220TOR,TOR,NOP,4,88,,J. Hart makes 3-pt jump shot from 25 ft (assist by B. Ingram),112,115,J. Hart ,3.0,1,,,,,,,,,,,,,
500,10220TOR,TOR,NOP,4,88,M. Gasol enters the game for S. Ibaka,,112,115,,,,,,,,,,,,,M. Gasol - TOR,S. Ibaka - TOR,,
501,10220TOR,TOR,NOP,4,79,F. VanVleet makes 3-pt jump shot from 22 ft (assist by K. Lowry),,115,115,F. VanVleet ,3.0,1,,,,,,,,,,,,,
502,10220TOR,TOR,NOP,4,59,,J. Redick makes 2-pt jump shot from 19 ft (assist by N. Melli),115,117,J. Redick ,2.0,1,,,,,,,,,,,,,
503,10220TOR,TOR,NOP,4,50,Offensive foul by P. Siakam (drawn by J. Redick),,115,117,,,,,offensive,P. Siakam ,J. Redick ,,,,,,,,,
504,10220TOR,TOR,NOP,4,50,Turnover by P. Siakam (offensive foul),,115,117,,,,,,,,,,,,,,,P. Siakam ,common_tov
505,10220TOR,TOR,NOP,4,50,N. Powell enters the game for P. Siakam,,115,117,,,,,,,,,,,,,N. Powell - TOR,P. Siakam - TOR,,
506,10220TOR,TOR,NOP,4,32,,Turnover by J. Hart (lost ball; steal by F. VanVleet),115,117,,,,,,,,,,,,,,,J. Hart ,steal
507,10220TOR,TOR,NOP,4,29,Shooting foul by J. Hart (drawn by K. Lowry),,115,117,,,,,shooting,J. Hart ,K. Lowry ,,,,,,,,,
508,10220TOR,TOR,NOP,4,29,K. Lowry makes free throw 1 of 2,,116,117,,,,,,,,,,K. Lowry ,1,1 of 2,,,,
509,10220TOR,TOR,NOP,4,29,K. Lowry makes free throw 2 of 2,,117,117,,,,,,,,,,K. Lowry ,1,2 of 2,,,,
511,10220TOR,TOR,NOP,4,10,,J. Holiday misses 3-pt jump shot from 25 ft,117,117,J. Holiday ,3.0,0,,,,,,,,,,,,,
512,10220TOR,TOR,NOP,4,8,Defensive rebound by N. Powell,,117,117,,,,,,,,N. Powell ,defensive,,,,,,,
514,10220TOR,TOR,NOP,4,8,,F. Jackson enters the game for N. Melli,117,117,,,,,,,,,,,,,F. Jackson - NOP,N. Melli - NOP,,
515,10220TOR,TOR,NOP,4,8,,K. Williams enters the game for J. Redick,117,117,,,,,,,,,,,,,K. Williams - NOP,J. Redick - NOP,,
516,10220TOR,TOR,NOP,4,0,N. Powell misses 3-pt jump shot from 28 ft,,117,117,N. Powell ,3.0,0,,,,,,,,,,,,,
517,10220TOR,TOR,NOP,4,0,Offensive rebound by Team,,117,117,,,,,,,,Team ,offensive,,,,,,,
518,10220TOR,TOR,NOP,4,0,,End of 4th quarter,117,117,,,,,,,,,,,,,,,,
